num,linea,nombre,lat,lon,,,
1,1,Observatorio,19.398237,-99.200363,,,
2,1,Tacubaya,19.403439,-99.187102,,,
3,1,Juanacatlan,19.41289,-99.182167,,,
4,1,Chapultepec,19.42083,-99.176943,,,
5,1,Sevilla,19.421916,-99.17058,,,
6,1,Insurgentes,19.423292,-99.163177,,,
7,1,Cuauhtemoc,19.425862,-99.154701,,,
8,1,Balderas,19.42744,-99.149036,,,
9,1,Salto del Agua,19.426813,-99.142213,,,
10,1,Isabel la Catolica,19.426732,-99.137685,,,
11,1,Pino Suarez,19.425336,-99.132943,,,
12,1,Merced,19.425558,-99.124639,,,
13,1,Candelaria,19.428837,-99.119511,,,
14,1,San Lazaro,19.430213,-99.114833,,,
15,1,Moctezuma,19.427218,-99.110305,,,
16,1,Balbuena,19.423231,-99.102302,,,
17,1,Blvd Puerto Aereo,19.41967,-99.09595,,,
18,1,Gomez Farias,19.416472,-99.09035,,,
19,1,Zaragoza,19.412344,-99.08241,,,
20,1,Pantitlan,19.415359,-99.072132,,,
21,2,Cuatro Caminos,19.459592,-99.215899,,,
22,2,Panteones,19.458763,-99.203153,,,
23,2,Tacuba,19.459349,-99.189205,,,
24,2,Cuitlahuac,19.457448,-99.182038,,,
25,2,Popotla,19.452147,-99.1747,,,
26,2,Colegio Militar,19.449354,-99.172254,,,
27,2,Normal,19.4444,-99.1674,,,
28,2,San Cosme,19.441706,-99.161096,,,
29,2,Revolucion,19.441706,-99.161096,,,
30,2,Hidalgo,19.437295,-99.147105,,,
31,2,Bellas Artes,19.436243,-99.141945,,,
32,2,Allende,19.435514,-99.137406,,,
33,2,Zocalo,19.433248,-99.1329,,,
34,2,Pino Suarez,19.425336,-99.132943,,,
35,2,San Antonio Abad,19.418597,-99.134145,,,
36,2,Chabacano,19.406438,-99.135754,,,
37,2,Viaducto,19.400808,-99.136891,,,
38,2,Xola,19.3952,-99.1377,,,
39,2,Villa de Cortes,19.38753,-99.138994,,,
40,2,Nativitas,19.379474,-99.140217,,,
41,2,Portales,19.3698,-99.1416,,,
42,2,Ermita,19.361883,-99.142942,,,
43,2,General Anaya,19.353259,-99.145002,,,
44,2,Tasquena,19.344168,-99.142685,,,
45,3,Indios Verdes,19.495358,-99.119468,,,
46,3,Deportivo 18 de Marzo,19.483747,-99.126549,,,
47,3,Potrero,19.47691,-99.132171,,,
48,3,La Raza,19.470153,-99.136891,,,
49,3,Tlatelolco,19.454979,-99.142814,,,
50,3,Guerrero,19.445146,-99.145389,,,
51,3,Hidalgo,19.437295,-99.147105,,,
52,3,Juarez,19.433167,-99.147792,,,
53,3,Balderas,19.42744,-99.149036,,,
54,3,Ninos Heroes,19.419508,-99.150581,,,
55,3,Hospital General,19.413578,-99.153886,,,
56,3,Centro Medico,19.406637,-99.155753,,,
57,3,Etiopia,19.395586,-99.156268,,,
58,3,Eugenia,19.406637,-99.155753,,,
59,3,Division del Norte,19.380021,-99.158885,,,
60,3,Zapata,19.370952,-99.164937,,,
61,3,Coyoacan,19.361417,-99.170709,,,
62,3,Viveros,19.353724,-99.176052,,,
63,3,Miguel A de Quevedo,19.346395,-99.18103,,,
64,3,Copilco,19.335887,-99.176652,,,
65,3,Universidad,19.324427,-99.17397,,,
66,4,Martin Carrera,19.484921,-99.104404,,,
67,4,Talisman,19.47428,-99.108009,,,
68,4,Bondojito,19.46461,-99.111958,,,
69,4,Consulado,19.457893,-99.113932,,,
70,4,Canal del Norte,19.449112,-99.116507,,,
71,4,Morelos,19.438974,-99.118266,,,
72,4,Candelaria,19.428837,-99.119511,,,
73,4,Fray Servando,19.421633,-99.120541,,,
74,4,Jamaica,19.409004,-99.122171,,,
75,4,Santa Anita,19.40273,-99.121699,,,
76,5,Politecnico,19.50082,-99.149294,,,
77,5,Inst del Petroleo,19.489573,-99.14526,,,
78,5,Autobuses del Norte,19.478973,-99.140668,,,
79,5,La Raza,19.470153,-99.136891,,,
80,5,Misterios,19.463315,-99.130797,,,
81,5,Valle Gomez,19.458742,-99.119296,,,
82,5,Consulado,19.457893,-99.113932,,,
83,5,Eduardo Molina,19.451378,-99.105434,,,
84,5,Aragon,19.451236,-99.095886,,,
85,5,Oceania,19.445672,-99.087238,,,
86,5,Terminal Aerea,19.433734,-99.087667,,,
87,5,Hangares,19.424142,-99.087496,,,
88,5,Pantitlan,19.415359,-99.072132,,,
89,6,El Rosario,19.504541,-99.20002,,,
90,6,Tezozomoc,19.495116,-99.196286,,,
91,6,Azcapotzalco,19.490989,-99.186416,,,
92,6,Ferreria,19.490746,-99.173841,,,
93,6,Norte 45,19.488683,-99.162769,,,
94,6,Vallejo,19.490625,-99.15586,,,
95,6,Inst del Petroleo,19.489573,-99.14526,,,
96,6,Lindavista,19.487712,-99.13466,,,
97,6,Deportivo 18 de Marzo,19.483747,-99.126549,,,
98,6,La Villa Basilica,19.481522,-99.117923,,,
99,6,Martin Carrera,19.484921,-99.104404,,,
100,7,El Rosario,19.504541,-99.20002,,,
101,7,Aquiles Serdan,19.490423,-99.19487,,,
102,7,Camarones,19.479135,-99.190063,,,
103,7,Refineria,19.469951,-99.190578,,,
104,7,Tacuba,19.459349,-99.189205,,,
105,7,San Joaquin,19.445793,-99.191823,,,
106,7,Polanco,19.433511,-99.191029,,,
107,7,Auditorio,19.425498,-99.191995,,,
108,7,Constituyentes,19.411858,-99.191265,,,
109,7,Tacubaya,19.403439,-99.187102,,,
110,7,San Pedro de los Pinos,19.391275,-99.186051,,,
111,7,San Antonio,19.384757,-99.186308,,,
112,7,Mixcoac,19.375891,-99.187531,,,
113,7,Barranca del Muerto,19.360648,-99.190149,,,
114,8,Garibaldi,19.444458,-99.139734,,,
115,8,Bellas Artes,19.436243,-99.141945,,,
116,8,San Juan de Letran,19.431305,-99.141569,,,
117,8,Salto del Agua,19.426813,-99.142213,,,
118,8,Doctores,19.421612,-99.143372,,,
119,8,Obrera,19.413558,-99.144187,,,
120,8,Chabacano,19.406438,-99.135754,,,
121,8,La Viga,19.406495,-99.126248,,,
122,8,Santa Anita,19.40273,-99.121699,,,
123,8,Coyuya,19.398521,-99.113545,,,
124,8,Iztacalco,19.398521,-99.113545,,,
125,8,Apatlaco,19.379292,-99.109597,,,
126,8,Aculco,19.374069,-99.108095,,,
127,8,Escuadron 201,19.36492,-99.109554,,,
128,8,Atlalilco,19.356134,-99.101315,,,
129,8,Iztapalapa,19.357834,-99.093461,,,
130,8,Cerro de la Estrella,19.356012,-99.085522,,,
131,8,U A M I,19.351234,-99.074707,,,
132,8,Const de 1917,19.34593,-99.063892,,,
133,9,Tacubaya,19.403439,-99.187102,,,
134,9,Patriotismo,19.406212,-99.178905,,,
135,9,Chilpancingo,19.406131,-99.168477,,,
136,9,Centro Medico,19.406637,-99.155753,,,
137,9,Lazaro Cardenas,19.40696,-99.144874,,,
138,9,Chabacano,19.406438,-99.135754,,,
139,9,Jamaica,19.409004,-99.122171,,,
140,9,Mixiuhca,19.408478,-99.112902,,,
141,9,Velodromo,19.408478,-99.103074,,,
142,9,Ciudad Deportiva,19.408357,-99.091229,,,
143,9,Puebla,19.407142,-99.082432,,,
144,9,Pantitlan,19.415359,-99.072132,,,
145,A,Pantitlan,19.415359,-99.072132,,,
146,A,Agricola Oriental,19.404835,-99.069901,,,
147,A,Canal de San Juan,19.398683,-99.059365,,,
148,A,Tepalcates,19.391335,-99.046383,,,
149,A,Guelatao,19.385162,-99.03574,,,
150,A,Penon Viejo,19.37332,-99.017093,,,
151,A,Acatitla,19.364737,-99.005892,,,
152,A,Santa Marta,19.36,-98.994863,,,
153,A,Los Reyes,19.358968,-98.976903,,,
154,A,La Paz,19.350526,-98.960745,,,
155,B,Buenavista,19.446603,-99.153199,,,
156,B,Guerrero,19.445146,-99.145389,,,
157,B,Garibaldi,19.444458,-99.139734,,,
158,B,Lagunilla,19.443386,-99.131334,,,
159,B,Tepito,19.442495,-99.12333,,,
160,B,Morelos,19.438974,-99.118266,,,
161,B,San Lazaro,19.430213,-99.114833,,,
162,B,Rcardo Flores Magon,19.436567,-99.103675,,,
163,B,Romero Rubio,19.436567,-99.103675,,,
164,B,Oceania,19.445672,-99.087238,,,
165,B,Deportivo Oceania,19.451034,-99.07917,,,
166,B,Bosque de Aragon,19.458115,-99.069192,,,
167,B,Villa de Aragon,19.461656,-99.061704,,,
168,B,Nezahualcoyotl,19.473066,-99.054537,,,
169,B,Impulsora,19.485851,-99.048915,,,
170,B,Rio de los Remedios,19.490908,-99.046597,,,
171,B,Muzquiz,19.501629,-99.042048,,,
172,B,Tecnologico,19.515301,-99.035997,,,
173,B,Olimpica,19.521328,-99.033422,,,
174,B,Plaza Aragon,19.528447,-99.030118,,,
175,B,Ciudad Azteca,19.534595,-99.0275,,,
176,12,Tlahuac,19.285972,-99.014194,,,
177,12,Tlaltenco,19.294167,-99.023889,,,
178,12,Zapotitlan,19.296667,-99.034444,,,
179,12,Nopalera,19.3,-99.046667,,,
180,12,Olivos,19.304167,-99.059722,,,
181,12,Tezonco,19.306111,-99.065,,,
182,12,Periferico Oriente,19.3177,-99.0746,,,
183,12,Calle 11,19.3205,-99.0857,,,
184,12,Lomas Estrella,19.3223,-99.0961,,,
185,12,San Andres Tomatlan,19.3283,-99.1049,,,
186,12,Culhuacan,19.337,-99.109,,,
187,12,Atlalilco,19.356134,-99.101315,,,
188,12,Mexicaltzingo,19.3577,-99.1218,,,
189,12,Ermita,19.361883,-99.142942,,,
190,12,Eje Central,19.3614,-99.1514,,,
191,12,Parque de los Venados,19.3707,-99.1587,,,
192,12,Zapata,19.370952,-99.164937,,,
193,12,Hospital 20 de Noviembre,19.372,-99.171,,,
194,12,Insurgentes Sur,19.3736,-99.1788,,,
195,12,Mixcoac,19.375891,-99.187531,,,